{
    "license:88344847f6ec52c3b00c4ae270dc1e2b6c0e1943": {
        "p-996 lazer": {
            "1": {
                "yawRel": 1.65245548635721,
                "offset": {
                    "y": 6.02982091903686,
                    "x": -0.16745664179325,
                    "z": 0.96815866231918
                },
                "name": "1",
                "pitchRel": -0.02074585296213,
                "fov": 60.0
            }
        },
        "blimp": {
            "1": {
                "fov": 60.0,
                "pitchRel": -0.07361145317554,
                "name": "1",
                "yawRel": -143.85635648667813,
                "offset": {
                    "y": 29.80742073059082,
                    "x": -19.88525390625,
                    "z": -1.64487707614898
                }
            },
            "3": {
                "fov": 60.0,
                "pitchRel": 0.02441654168069,
                "name": "3",
                "yawRel": 27.79537969827652,
                "offset": {
                    "y": -21.98946189880371,
                    "x": 18.57641792297363,
                    "z": 1.40759074687957
                }
            },
            "2": {
                "fov": 60.0,
                "pitchRel": 0.03263185545802,
                "name": "2",
                "yawRel": 115.07025481760502,
                "offset": {
                    "y": 5.64790153503418,
                    "x": 5.81973838806152,
                    "z": -3.17506766319274
                }
            }
        },
        "jet": {
            "auto": {
                "yawRel": 105.68910150229933,
                "offset": {
                    "y": 0.93275541067123,
                    "x": 2.40465116500854,
                    "z": -3.53624939918518
                },
                "name": "AUTO",
                "pitchRel": -0.03907590731978,
                "fov": 60.0
            },
            "1": {
                "fov": 60.0,
                "pitchRel": 0.53612321987748,
                "name": "1",
                "yawRel": 105.92358908057213,
                "offset": {
                    "y": 8.00510787963867,
                    "x": -3.6501293182373,
                    "z": -3.452321767807
                }
            },
            "2": {
                "fov": 60.0,
                "pitchRel": 0.00777290808036,
                "name": "2",
                "yawRel": 155.4537492096424,
                "offset": {
                    "y": 23.94765472412109,
                    "x": -2.67359972000122,
                    "z": -1.02286422252655
                }
            }
        }
    }
}