{
    "license:88344847f6ec52c3b00c4ae270dc1e2b6c0e1943": {
        "p-996 lazer": {
            "1": {
                "name": "1",
                "yawRel": 1.65245548635721,
                "offset": {
                    "y": 6.02982091903686,
                    "x": -0.16745664179325,
                    "z": 0.96815866231918
                },
                "fov": 60.0,
                "pitchRel": -0.02074585296213
            }
        },
        "jet": {
            "auto": {
                "name": "AUTO",
                "offset": {
                    "y": 30.048828125,
                    "x": -0.79218000173568,
                    "z": -1.03307032585144
                },
                "yawRel": 0.0,
                "fov": 60.0,
                "pitchRel": -0.06491746753454
            },
            "1": {
                "name": "1",
                "offset": {
                    "y": 23.96238708496093,
                    "x": -3.80845069885253,
                    "z": -1.01316308975219
                },
                "yawRel": 162.05325581133367,
                "fov": 60.0,
                "pitchRel": -0.05893180891871
            },
            "2": {
                "name": "2",
                "yawRel": 155.4537492096424,
                "offset": {
                    "y": 23.94765472412109,
                    "x": -2.67359972000122,
                    "z": -1.02286422252655
                },
                "fov": 60.0,
                "pitchRel": 0.00777290808036
            }
        },
        "blimp": {
            "1": {
                "name": "1",
                "yawRel": -143.85635648667813,
                "offset": {
                    "y": 29.80742073059082,
                    "x": -19.88525390625,
                    "z": -1.64487707614898
                },
                "fov": 60.0,
                "pitchRel": -0.07361145317554
            },
            "3": {
                "name": "3",
                "yawRel": 27.79537969827652,
                "offset": {
                    "y": -21.98946189880371,
                    "x": 18.57641792297363,
                    "z": 1.40759074687957
                },
                "fov": 60.0,
                "pitchRel": 0.02441654168069
            },
            "2": {
                "name": "2",
                "yawRel": 115.07025481760502,
                "offset": {
                    "y": 5.64790153503418,
                    "x": 5.81973838806152,
                    "z": -3.17506766319274
                },
                "fov": 60.0,
                "pitchRel": 0.03263185545802
            }
        }
    }
}